subject,predicate,object 
Excavation Map,loc:is_map_of,Pompeii Archeological Site
Excavation Map,dcterms.title,"Tabula Coloniae. Veneriae Corneliae Pompeis. Colonia a Triumvires deducta est, lege Sullana, postea Divus Augustus agrum ejus veteranis adsignavit, sed Imp. Vespasianus loca publica a privatis possessa Reip. Pomp. restituut. Tabulae modulus 1. IDCLXVI [1 : 1 666 ]. Acta est mensura an. IDCCCLXI. Curavit Ios. Forelli "
Excavation Map,dcterms:creator,"Forelli, G."
Excavation Map,dcterms:created,1861
Excavation Map,dcterms:language,latin
Excavation Map,dcterms:format,1 flle; 710 x 490
Excavation Map,dcterms:coverage,Bibliothèque Nationale de France