subject,predicate,object
Gli ultimi giorni di Pompei-Poster,lode:illustrate,Vesuvius Eruption
Gli ultimi giorni di Pompei-Poster,dcterms:title,"SupertotalScope, Eastmancolor. Steve Reeves, Christine Kauffmann, Barbara Carroll ... [in] Gli ultimi giorni di Pompei. Mimmo Palamara ... Regia: Mario Bonnard. Filmar, prod.: Cineproduzioni associate Roma, Procusa Madrid, Transocean Monaco"
Gli ultimi giorni di Pompei-Poster,dcterms:publisher,Romana Edistampa
Gli ultimi giorni di Pompei-Poster,dcterms:created,1959
Gli ultimi giorni di Pompei-Poster,dcterms:type,Graphical material
Gli ultimi giorni di Pompei-Poster,dcterms:fomat,"1 manifesto : litografia, color.; 48x68 cm"
Gli ultimi giorni di Pompei-Poster,dcterms:language,Italian
Gli ultimi giorni di Pompei-Poster,dcterms:subject,791.430945091 - CINEMA. Italia. 1900-1946
Gli ultimi giorni di Pompei-Poster,dcterms:coverage,Biblioteca Provinciale “La Magna Capitana” di Foggia
Gli ultimi giorni di Pompei-Poster,schema:contentLocation,Pompeii
Gli ultimi giorni di Pompei-Poster,schema:mentions,Steve Reeves
Gli ultimi giorni di Pompei-Poster,dcterms:references,Gli ultimi giorni di Pompei
Gli ultimi giorni di Pompei,fabio:is_realization_of,Work
Gli ultimi giorni di Pompei,frbroo:R2_is_derivative_of,The Last Days of Pompeii
Steve Reeves,schema:birthDate,1st January 1926
Steve Reeves,schema:deathDate,1st May 2000
Steve Reeves,schema:givenName,Steve
Steve Reeves,schema:familyName,Reeves
Steve Reeves,schema:hasOccupation,actor
Steve Reeves,schema:hasOccupation,bodybuilder