subject,predicate,object
The Last Days of Pompeii-Novel,lode:illustrate,Vesuvius Eruption
The Last Days of Pompeii-Novel,dcterms:title,The last days of Pompeii / by Edward George Bulwer-Lytton
The Last Days of Pompeii-Novel,dcterms:creator,"Lytton, Edward
Bulwer-Lytton"
The Last Days of Pompeii-Novel,dcterms:created,1834
The Last Days of Pompeii-Novel,dcterms:publisher,University of Oxford
The Last Days of Pompeii-Novel,dcterms:type,text
The Last Days of Pompeii-Novel,dcterms:extent,Text data (1 file : ca. 859 KB)
The Last Days of Pompeii-Novel,dcterms:language,english
The Last Days of Pompeii-Novel,dcterms:subject,Novels – Great Britain – 19th century
The Last Days of Pompeii-Novel,schema:mentions,Temple of Isis
The Last Days of Pompeii-Novel,schma:contentLocation,Pompeii
The Last Days of Pompeii-Novel,fabio:is_realization_of,Work
Edward Bulwer-Lytton,schema:birthDate,25th May 1803
Edward Bulwer-Lytton,schema:deathDate,18th January 1873
Edward Bulwer-Lytton,schema:givenName,Edward
Edward Bulwer-Lytton,schema:familyName,Bulwer-Lytton
Edward Bulwer-Lytton,schema:hasOccupation,writer
Edward Bulwer-Lytton,schema:hasOccupation,politician