subject,predicate,object
Vesuvius Eruption,lode:involved,Demetra Statue
Demetra Statue,dcterms:title,female statue of Demetra
Demetra Statue,crm:P45_consist_of,pentelic marble
Demetra Statue,crm:P32_used_general_technique,carving/sanding/ overpainting
Demetra Statue,dcterms:created,ca 25 BC - ca 14 AD
Demetra Statue,dcterms:extent,181 x 68 x 35 cm
Demetra Statue,dcterms:type,statuary
Demetra Statue,dcterms:subject,Demetra
Demetra Statue,co:has_finding_location,Herculaneum Archaeological Site