subject,predicate,object
 Pompei negli scavi vecchi e nuovi-Documentary,lode:illustrate,Vesuvius Eruption
 Pompei negli scavi vecchi e nuovi-Documentary,dcterms:title ,Pompei negli scavi vecchi e nuovi
 Pompei negli scavi vecchi e nuovi-Documentary,dcterms:type,silent documentary
 Pompei negli scavi vecchi e nuovi-Documentary,dcterms:created,1924 - 31
 Pompei negli scavi vecchi e nuovi-Documentary,dcterms:extent,00:36:55
 Pompei negli scavi vecchi e nuovi-Documentary,schema:color,b/w
 Pompei negli scavi vecchi e nuovi-Documentary,dcterms:language,language
 Pompei negli scavi vecchi e nuovi-Documentary,dcterms:creator,Istituto Nazionale Luce
 Pompei negli scavi vecchi e nuovi-Documentary,dcterms:coverage,Istituto Nazionale Luce
 Pompei negli scavi vecchi e nuovi-Documentary,schema:locationCreated,Pompeii Archaeological Site
 Pompei negli scavi vecchi e nuovi-Documentary,schema:locationCreated,Stabiae Archaeological Site
 Pompei negli scavi vecchi e nuovi-Documentary,crm:P62_depicts,Sanctuary of Apollo
 Pompei negli scavi vecchi e nuovi-Documentary,crm:P62_depicts,Temple of Isis