subject,predicate,object
The Destruction of Pompeii and Herculaneum - Painting,crm:P62_depicts,Vesuvius Eruption
The Destruction of Pompeii and Herculaneum - Painting,dcterms:title ,The Destruction of Pompeii and Herculaneum 
The Destruction of Pompeii and Herculaneum - Painting,dcterms:creator,John Martin 
The Destruction of Pompeii and Herculaneum - Painting,dcterms:created,1822
The Destruction of Pompeii and Herculaneum - Painting,dcterms:modified,2011
The Destruction of Pompeii and Herculaneum - Painting,crm:P32_used_general_technique,oil paint on canvas
The Destruction of Pompeii and Herculaneum - Painting,dcterms:extent,"support: 1616 x 530 mm,
frame: 1968 x 2879 x 161 mm"
The Destruction of Pompeii and Herculaneum - Painting,dcterms:coverage,Tate Modern
The Destruction of Pompeii and Herculaneum - Painting,dcterms:date,1869
The Destruction of Pompeii and Herculaneum - Painting,schema:contentLocation,Pompeii
The Destruction of Pompeii and Herculaneum - Painting,schema:contentLocation,Herculaneum
The Destruction of Pompeii and Herculaneum - Painting,schema:contentLocation,Stabiae
John Martin,schema:birthDate,19th July 1759
John Martin,schema:deathDate,17th February 1854
John Martin,schema:givenName,John
John Martin,schema:familyName,Martin
John Martin,schema:hasOccupation,painter
John Martin,schema:hasOccupation,illustrator