subject,predicate,object 
Sanctuary of Apollo-Photo,schema:locationCreated,Pompeii Archaeological Site
Sanctuary of Apollo-Photo,dcterms:title,"""Tempio di Apollo"": l'area archeologica del tempio con il colonnato superstite del quadriportico, la statua di Apollo e i resti del podio - campo lungo "
Sanctuary of Apollo-Photo,schema:color,b/w
Sanctuary of Apollo-Photo,dcterms:type,negative
Sanctuary of Apollo-Photo,dcterms:extent,13 x 18
Sanctuary of Apollo-Photo,dcterms:created,1929
Sanctuary of Apollo-Photo,dcterms:coverage ,Istituto Nazionale Luce
Sanctuary of Apollo-Photo,dcterms:isPartOf,Serie L/ Pompei of the photographic archive of Istituto Nazionale Luce
Sanctuary of Apollo-Photo,crm:P32_used_general_technique,gelatina bromuro d'argento/vetro (jelly silver bromide / glass)
Sanctuary of Apollo-Photo,crm:P62_depicts,Sanctuary of Apollo