subject,predicate ,object
Vesuvius Eruption,lode:involved,lamp
lamp,dcterms:title,lamp
lamp,dcterms:description,"Pottery lamp with crude ovolos around discus, long, broad, plain nozzle with volutes. Dull dark brown slip almost all gone, but remaining on nozzle and in ovolos."
lamp,dcterms:created,50-79 AD
lamp,dcterms:type,lamp
lamp,crm:P45_consists_of,pottery
lamp,crm:P32_used_general_technique,mould-made
lamp,dcterms:extent,"Height: 2.50 centimetres
Length: 10.50 centimetres
Width: 6.70 centimetres"
lamp,loc:has_finding_location,Naples (province)
lamp,dcterms:coverage,The British Museum